id,name,picture_file_name,Err:509,steps
1,Quiche lorraine,1.jpg,"Pâte feuilletée 
Oeufs
Lardons
Crème fraîche
Lait (optionnel)
Sel
Poivre","Faire cuire les lardons. 
Battre les oeufs avec la crème fraîche, éventuellement un peu de lait, le sel et le poivre.
Disposer la pâte feuilletée dans un moule et piquer avec une fourchette le fond.
Disposer les lardons sur la pâte.
Verser l'appareil sur les lardons.
Faire cuire au four."
2,Courgettes pizza,2.jpg,"Courgettes
Ketchup
Jambon
Gruyère râpé
Huile d'olive
Sel
Poivre","Faire précuire 20 min au four les courgettes coupées en deux, épépinées, avec de l'huile d'olive, du sel et du poivre.
Disposer un trait de ketchup sur les courgettes.
Placer une bande jambon sur chaque courgette.
Recouvrir de gruyère râpé et remettre un trait d'huile d'olive.
Faire cuire au four 15 min sur grill."
3,Spaghettis à la bolognaise,3.jpg,"Spaghettis
Steaks hachés
Sauce tomate
Gruyère râpé (optionnel)
Huile","Faire cuire les spaghettis.
Faire cuire les steaks hachés avec de l'huile et les couper en petits morceaux
Verser la sauce tomate sur les morceaux de steaks et faire un peu revenir, saler et poivrer.
Verser la sauce bolognaise sur les spaghettis puis recouvrir de gruyère râpé."
4,Spaghettis au thon et à la tomate,4.jpg,"Spaghettis
Thon en boîte
Sauce tomate
Oignons (optionnel)
Sel
Poivre
Huile","Faire cuire les spaghettis.
Faire revenir les oignons avec de l'huile dans une poêle, puis émietter le thon et le mettre dans la poêle.
Verser la sauce tomate sur le thon et les oignons et faire un peu revenir, saler et poivrer.
Verser la sauce au thon sur les spaghettis."
5,Tajine d'agneau et de pomme de terre,5.jpg,"Agneau
Pommes de terre
Pruneaux
Abricots secs (optionnel)
Épices
Sel
Poivre","Détailler l'agneau en cubes.
Dans un faitout, faire dorer l'agneau de tous les côtés avec un peu d'huile.
Ajouter les épices, le sel, le poivre et les pommes de terre.
Couvrir d'eau à hauteur.
30 mon avant la fin de la cuisson, ajouter les pruneaux et les abricots secs."
6,Boeuf bourguignon,6.jpg,"Boeuf
Carottes
Bouillon cube
Lardons
Thym
Laurier 
Huile
Sel
Poivre","Dans un faitout, faire revenir les cubes de bœuf, puis les lardons dans de l'huile.
Puis faire blondir les carottes dans l'huile de cuisson précédente.
Remettre le bœuf, et mouiller à hauteur avec le bouillon cube. 
Ajouter le thym, le laurier, le sel et le poivre.
Laisser cuire 3 heures."
7,Risotto de coquillettes au chorizo,7.jpg,"Coquillettes
Chorizo
Parmesan râpé
Oignon (optionnel)
Huile d'olive
Beurre
Roquette","Faire blondir dans une casserole les oignons hachés dans de l'huile d'olive, puis mettre les coquillettes crues dans la casserole et faire blondir.
Mouiller avec le bouillon, louche après louche jusqu'à cuisson complète des coquillettes.
Ajouter dans la casserole le chorizo taillé en dés, le parmesan râpé et le beurre. Mélanger et laisser cuire encore 5 min.
Servir les coquillettes sur un lit de roquette avec quelques dés de chorizo et du parmesan râpé

"
8,Pâtes à la provençale,8.jpg,"Pâtes
Courgettes
Tomates
Aubergines (optionnel)
Huile d'olive
Sel
Poivre","Faire cuire les pâtes.
Faire revenir des dés de tomates, courgettes, aubergines dans une poêle avec de l'huile d'olive, du sel et du poivre.
Servir la sauce provençale sur les pâtes."
9,Purée de topinambour,9.jpg,"Topinambour
Sel
Poivre","Peler les topinambours et les faire cuire dans de l'eau salée.
Mixer les topinambours.
"
10,Tartiflette,10.jpg,"Pommes de terre
Lardons
Reblochon
Sel
Poivre","Faire précuire dans de l'eau les pommes de terre préalablement épluchées.
Faire revenir les lardons.
Disposer en alternance une couche de rondelles de pommes de terre et une couche de lardons jusqu'en haut du plat à gratin.
Saler et poivrer.
Recouvrir le dessus de bandes de reblochon, en gardant la croûte.
Faire fondre le fromage au four, puis finir avec le grill."
11,Purée de patate douce,11.jpg,"Patates douce
Pommes de terre ou flocons de purée
Muscade
Sel
Poivre","Éplucher les patates douces et les pommes de terre et les faire cuire en dés dans de l'eau salée.
Mixer le tout, saler, poivrer, mettre un peu de muscade en poudre ou rapée."
12,Pommes de terre sautées,12.jpg,"Pommes de terre
Beurre
Sel
Poivre","Éplucher les pommes de terre et les faire précuire dans de l'eau salée.
Les faire revenir dans beaucoup de beurre à la poêle, saler et poivrer.
"
13,Tomates farcies,13.jpg,"Grosses tomates
Farce de porc
Pain de mie
Lait
Huile d'olive
Persil
Sel
Poivre","Évider les tomates et conserver le chapeau.
Préparer une farce avec du pain de mie imbibé de lait, la farce crue de porc, un peu de chair de tomate hachée (pas trop, sinon la farce ne cuit pas), le persil haché, le sel et le poivre.
Disposer les tomates dans un plat à four, avec de l'huile d'olive au fond et un peu de riz ou de semoule pour récupérer l'eau des tomates.
Farcir les tomates avec la préparation.
Verser un trait d'huile sur le plat et enfourner.
"
14,Courgettes farcies,14.jpg,"Courgettes
Farce de porc
Pain de mie
Lait
Huile d'olive
Persil
Sel
Poivre","Évider les courgettes et les précuire au four avec un trait d'huile d'olive.
Préparer une farce avec du pain de mie imbibé de lait, la farce crue de porc, un peu de chair de courgette hachée (pas trop, sinon la farce ne cuit pas), le persil haché, le sel et le poivre.
Disposer les tomates dans un plat à four, avec de l'huile d'olive au fond et un peu de riz ou de semoule pour récupérer l'eau des courgettes.
Farcir les courgettes avec la préparation.
Verser un trait d'huile sur le plat et enfourner.
"
15,Riz et poulet sauce au curry,15.jpg,"Riz
Escalopes ou filets de poulet ou de dinde
Curry
Crème fraîche ou lait de coco
Huile
Sel
Poivre","Faire cuire le riz.
Faire cuire des dés de poulet dans une poêle avec de l'huile.
Déglacer les sucs de cuisson de la viande avec la crème fraîche ou le lait de coco.
Ajouter le curry, le sel et le poivre , remettre la viande.
Servir la sauce et la viande au curry sur le riz."
16,Porc aux brocolis,16.jpg,"Brocoli
Porc
Sel
Poivre","Faire cuire le brocoli dans de l'eau, saler et poivrer.
Faire cuire le porc à la poêle."
17,Nouilles sautées au porc caramélisé,17.jpg,"Nouilles asiatiques
Porc
Sauce soja
Miel liquide
Chou chinois (optionnel)
Huile","Préparer une marinade de sauce soja et miel liquide.
Détailler le porc en cube et le faire reposer au réfrigérateur dans la marinade.
Cuire les nouilles asiatiques.
Hacher le chou chinois et le faire revenir dans de l'huile.
Faire cuire les dés de porc marinés dans de l'huile.
Remettre dans la poêle pour réchauffer le chou chinois, le porc, les nouilles asiatiques et mettre le jus de la marinade."
18,Salade de lentilles aux lardons,18.jpg,"Lentilles
Lardons
Moutarde
Vinaigre balsamique
Huile d'olive
Sel
Poivre","Faire cuire les lentilles puis les refroidir sous l'eau.
Faire cuire les lardons et les dégraisser.
Ajouter les lardons dans les lentilles, puis assaisonner avec de la moutarde, de l'huile d'olive, du vinaigre balsamique, du sel et du poivre.
Faire refroidir la salade de lentilles au réfrigérateur."
19,Salade de riz composée,19.jpg,"Riz
Saucisses knackis et/ou œufs et/ou jambon
Tomates
Salade (optionnel)
Avocat (optionnel)
Asperges (optionnel)
Emmental (optionnel)
Radis (optionnel)
Huile et vinaigre et/ou mayonnaise
Sel
Poivre","Faire cuire le riz et le refroidir sous l'eau.
Ajouter les knackis coupés en rondelles, les œufs durs coupés en morceaux, des morceaux de jambons, des dés d'emmental, des rondelles, de radis, des tronçons d'asperges, de la salade, des dés de tomate, des tranches d'avocat.
Assaisonner la salade composée avec de l'huile, du vinaigre, du sel et du poivre. On peut aussi rajouter un peu de mayonnaise.
Faire refroidir au réfrigérateur."
20,Blanquette de veau,20.jpg,"Veau pour blanquette
Beurre
Champignons
Œuf
Huile
Sel
Poivre
Laurier
Muscade
Riz ou pommes de terre
Farine
Crème fraîche
Persil (optionnel)
Carotte (optionnel)
Céleri (optionnel)
Citron (optionnel)","Faire cuire les cubes de veau dans le faitout quelques minutes avec un peu d'huile, sur toutes les faces.
Mouiller à hauteur et porter à ébullition. Écumer le sang de la viande.
Ajouter le céleri, la carotte, le laurier, le persil, le sel et le poivre et laisser cuire au moins 2h.
Faire cuire le riz ou les pommes de terre.
Éplucher et couper les champignons en tranches, les arroser de jus de citron. Les cuire dans du beurre et les réserver. Les ajouter dans le faitout avec la viande 15 min avant la fin de la cuisson.
Faire fondre le beurre dans une casserole. Faire un roux chaud avec de la farine. Délayez au fouet avec le jus de cuisson du veau sans cesser de mélanger, la sauce doit devenir épaisse.
Hors du feu, mélanger un jaune d’œuf avec de la crème liquide. Délayez avec une cuillère de jus de cuisson brûlant.
Ajouter  hors du feu ce mélange dans la sauce. Remettre sur le feu 2 min.
Assaisonner la sauce avec de la muscade, du sel et du poivre, ajouter une pointe de jus de citron.
Servir le riz ou les pommes de terre et le veau nappés de sauce."
21,Poulet rôti pomme de terre aux herbes,21.jpg,"Poulet entier ou cuisses
Pommes de terre
Huile d'olive
Thym
Ail
Sel
Poivre","Mettre le poulet dans un plat à four avec de la matière grasse au fond. 
Placer des pommes de terres épluchées et coupées en deux dans le plat. 
Saler et poivrer, puis arroser d'huile d'olive.
 Disposer des branches de thym et 6-8 gousses d'ail entières dans le plat. 
Enfourner pour 1h au moins, en retournant le poulet de temps en temps.
"
22,Fajitas,22.jpg,"Tortillas
Escalopes ou filets de poulet ou de dinde
Poivrons
Oignons (optionnel)
Huile
Épices
Sauce tomate","Faire cuire des dés de poulet dans une poêle avec de l'huile, puis les oignons, puis les poivrons. Ajouter la sauce tomate puis les épices.
Placer le mélange sur une tortilla, ajouter éventuellement du gruyère râpé et de la crème fraîche, puis rouler. "
23,Wraps jambon fromage,23.jpg,"Tortillas
Fromage frais à tartiner
Jambon
Salade (optionnel)","Enduire la tortilla d'une couche épaisse de fromage frais.
Tapisser de salade, et de jambon, puis rouler.
Découper des tronçons de tortillas."
24,Omelette aux lardons,24.jpg,"Oeufs
Lardons
Sel
Poivre","Battre les œufs et ajouter le sel et le poivre.
Faire cuire les lardons dans un poêle, puis dégraisser un peu.
Verser les œufs battus dans la poêle et faire cuire."
25,Tarte saumon épinards,25.jpg,"Pâte feuilletée
Oeufs
Crème fraîche
Lait (optionnel)
Saumon frais
Épinards
Sel
Poivre","Placer la pâte feuilletée dans un moule à tarte et piquer avec une fourchette.
Faire précuire la pâte 15 min en la recouvrant de papier sulfurisé et en plaçant du poids dessus pour éviter les bulles.
Placer du saumon et des épinards cuits sur le fond de tarte précuit.
Battre les œufs et ajouter le sel et le poivre, la crème fraîche et éventuellement un peu de lait pour alléger.
Verser cet appareil dans le fond de tarte et enfourner."
26,Purée de pois cassés et agneau,26.jpg,"Pois cassés
Agneau
Thym
Laurier
Huile
Sel
Poivre","Faire cuire les pois cassés dans de l'eau avec une feuille de laurier et une branche de thym.
Faire cuire l'agneau dans une poêle avec un peu d'huile, saler et poivrer.
Mixer les pois cassés avec un peu d'eau de cuisson pour en faire une purée."
27,Saucisses lentilles,27.jpg,"Chipolatas
Lentilles
Huile
Sel
Poivre","Faire cuire les lentilles dans de l'eau.
Faire cuire les chipolatas dans une poêle avec un peu d'huile.
Ajouter les lentilles dans la poêle et les faire chauffer quelques minutes, saler et poivrer."
28,Purée et poisson pané,28.jpg,"Pommes de terre ou flocons de purée
Poisson pané
Huile
Sel
Poivre","Faire cuire les pommes de terre à l'eau.
Faire cuire le poisson pané à la poêle avec un peu d'huile.
Saler et poivrer les pommes de terre."
29,Purée et œuf au plat,29.jpg,"Pommes de terre ou flocons de purée
Oeufs
Crème fraîche
Beurre
Huile
Sel
Poivre","Faire cuire les pommes de terre à l'eau, puis les réduire en purée avec un presse purée, en ajoutant du beurre et de la crème fraîche. Saler et poivrer.
Faire cuire les œufs au plat dans une poêle avec un peu d'huile, saler et poivrer."
30,Œufs à la coque et mouillettes de saumon fumé,30.jpg,"Oeufs
Saumon fumé
Pain ou pain de mie
Beurre
Sel
Poivre","Faire cuire les œufs 4 min dans de l'eau, puis les placer dans des coquetiers et ouvrir le sommet de la coquille. Saler et poivrer à l'intérieur. 
Beurrer des tartines et en faire des mouillettes. Ajouter des bandes de saumon fumé dessus."
31,Steak haché haricots verts,31.jpg,"Haricots verts
Steaks hachés
Huile
Beurre
Sel
Poivre","Faire cuire les haricots verts dans de l'eau salé, puis les faire dorer dans une poêle avec du beurre.
Cuire les steaks hachés avec de l'huile et du beurre dans une poêle, saler et poivrer."
32,Pâtes au pesto et jambon de Bayonne,32.jpg,"Pâtes
Pesto en bocal
Jambon ou jambon de Bayonne","Faire cuire les pâtes dans de l'eau salée.
Ajouter plusieurs cuillères de pesto et mélanger, puis ajouter des morceaux de jambon de Bayonne."
33,Gnocchis au saumon fumé,33.jpg,"Gnocchis
Saumon fumé
Crème fraîche
Beurre","Faire éventuellement précuire les gnocchis dans de l'eau (suivant consignes sur le paquet). Les faire dorer dans une poêle avec du beurre.
Dans une poêle, ajouter des bandes de saumon fumé et la crème fraîche, et laisser un peu infuser. Placer ensuite les gnocchis dans cette poêle pour les réchauffer et les napper de sauce."
34,Salade de blé froide,34.jpg,"Blé
Saucisses knackis et/ou œufs et/ou jambon
Tomates
Salade (optionnel)
Avocat (optionnel)
Asperges (optionnel)
Emmental (optionnel)
Radis (optionnel)
Huile et vinaigre et/ou mayonnaise
Sel
Poivre","Faire cuire le blé et le refroidir sous l'eau.
Ajouter les knackis coupés en rondelles, les œufs durs coupés en morceaux, des morceaux de jambons, des dés d'emmental, des rondelles, de radis, des tronçons d'asperges, de la salade, des dés de tomate, des tranches d'avocat.
Assaisonner la salade composée avec de l'huile, du vinaigre, du sel et du poivre. On peut aussi rajouter un peu de mayonnaise.
Faire refroidir au réfrigérateur."
35,Salade de pomme de terre composée,35.jpg,"Pommes de terre
Saucisses knackis et/ou œufs et/ou jambon
Tomates
Salade (optionnel)
Avocat (optionnel)
Asperges (optionnel)
Emmental (optionnel)
Radis (optionnel)
Huile et vinaigre et/ou mayonnaise
Sel
Poivre","Faire cuire les pommes de terre épluchées dans une casserole et les refroidir sous l'eau.
Ajouter les knackis coupés en rondelles, les œufs durs coupés en morceaux, des morceaux de jambons, des dés d'emmental, des rondelles, de radis, des tronçons d'asperges, de la salade, des dés de tomate, des tranches d'avocat.
Assaisonner la salade composée avec de l'huile, du vinaigre, du sel et du poivre. On peut aussi rajouter un peu de mayonnaise.
Faire refroidir au réfrigérateur."
36,Magret frites,36.jpg,"Magret de canard
Frites
Sel
Poivre","Couper 3 ou 4 aiguillettes dans le magret, dans le sens de la longueur. Saler et poivrer.
Faire cuire les aiguillettes dans une poêle sur tous les côtés, en commençant par le côté peau. Dégraisser la poêle de temps en temps.
Faire cuire les frites au four, saler et poivrer."
37,Tarte provençale,37.jpg,"Pâte feuilletée
Oeufs
Crème fraîche
Lait (optionnel)
Tomates
Courgettes
Aubergines (optionnel)
Ail
Huile d'olive
Sel
Poivre","Placer la pâte feuilletée dans un moule à tarte et piquer avec une fourchette.
Faire précuire la pâte 15 min en la recouvrant de papier sulfurisé et en plaçant du poids dessus pour éviter les bulles.
Faire cuire des dés de tomates, courgettes et aubergines dans une poêle avec de l’huile d'olive et de l'ail haché, saler et poivrer.
Les placer sur le fond de tarte précuit.
Battre les œufs et ajouter le sel et le poivre, la crème fraîche et éventuellement un peu de lait pour alléger.
Verser cet appareil dans le fond de tarte et enfourner."
38,Omelette aux petits pois lardons,38.jpg,"Oeufs
Petits pois
Lardons
Huile
Sel
Poivre","Faire cuire les lardons puis dégraisser.
Battre les œufs et ajouter le sel et le poivre.
Huiler la poêle, puis répartir les petits pois et les lardons.
Verser les œufs battus dans la poêle et faire cuire."
39,Riz curry de crevettes,39.jpg,"Riz
Crevettes
Curry
Crème fraîche ou lait de coco
Sel","Faire cuire le riz.
Faire dorer les crevettes dans un poêle puis réserver.
Déglacer les sucs de cuisson des crevettes avec de la crème fraîche ou du lait de coco, puis ajouter le sel et le curry. Remettre les crevettes dans la sauce pour les réchauffer et les napper.
Servir la sauce au curry sur le riz et les crevettes."
40,Foies de volaille et salade,40.jpg,"Foies de volaille
Salade
Flocons de purée (optionnel)
Huile
Vinaigre
Sel
Poivre","Saler et poivrer les foies de volaille, puis les faire cuire dans une poêle avec un peu d'huile.
Servir sur de la salade assaisonnée avec de l'huile, du vinaigre, du sel et du poivre, et éventuellement accompagnés de purée en flocon."
41,Croques monsieur,41.jpg,"Pain de mie
Jambon et/ou oeufs
Fromage cheddar
Huile","Huiler les plaques de l'appareil à croque-monsieur.
Placer les tranches de pain de mie, deux tranches de cheddar, une tranche de jambon, et refermer.
Pour les croque-monsieur à l’œuf, placer les tranches de pain de pain, enfoncer la tranche du bas avec une cuillère pour former un petit puit, placer un jaune d’œuf et un peu de blanc au centre du puits, saler, poivrer et refermer."
42,Boudin purée,42.jpg,"Boudin
Pommes de terre ou flocons de purée
Huile
Sel
Poivre","Faire cuire le boudin dans une poêle avec un peu d’huile
Préparer la purée, saler, poivrer."
43,Épi de maïs grillé et chipolatas,43.jpg,"Épi de maïs
Sel
Beurre
Chipolatas et/ou merguez
Huile","Faire dorer l'épi de maïs sur tous les côtés au barbecue ou à la poêle avec un peu d'huile. Enduire d'un peu de beurre et saler sur le beurre fondu.
Faire cuire les chipolatas ou les merguez soit au barbecue, soit dans une poêle avec un peu d'huile."
44,Tomates à la provençale,44.jpg,"Tomates
Ail
Persil
Huile d'olive
Sel
Poivre","Faire revenir des demi-tomates dans une poêle avec beaucoup d'huile d'olive, saler et poivrer. Ajouter de l'ail haché. A la fin de la cuisson, ajouter les persil haché sur les tomates."
45,Poulet basquaise,45.jpg,"Cuisses de poulet
Tomates ou tomates pelées en boîte
Poivrons
Huile d'olive
Thym
Laurier
Sel
Poivre","Faire dorer de tous les côtés les cuisses de poulet dans un faitout avec de l'huile d'olive puis réserver.
Faire cuire les poivrons avec de l'huile d'olive jusqu'à les rendre fondants.
Ajouter les tomates pelées en boîtes ou les tomates coupées en deux, saler, poivrer, ajouter du thym et du laurier.
Faire cuire au moins 1h30."
46,Carottes et échines de porc,46.jpg,"Carottes
Échine ou côtes ou travers de porc
Huile
Huile d'olive
Sel
Poivre","Faire blondir les rondelles de carottes dans une poêle avec de l'huile d'olive jusqu'à ce qu'elles soient fondantes, saler et poivrer.
Faire dorer l'échine de porc dans une poêle avec un peu d'huile."
47,Escalope de volaille à la crème et aux champignons,47.jpg,"Escalopes ou filets de poulet ou de dinde
Champignons
Crème fraîche
Beurre
Huile
Sel
Poivre","Faire cuire les escalopes de poulet dans une poêle avec un peu d'huile.
Faire cuire les champignons en tranches dans une poêle avec beaucoup de beurre.
Déglacer avec de la crème fraîche et remettre les champignons.
Servir les escalopes nappées de sauce à la crème et aux champignons."
48,Hamburgers,48.jpg,"Buns
Steaks hachés
Fromage cheddar
Salade
Tomate
Mayonnaise ou autre sauce
Cornichons (optionnel)
Huile
Sel
Poivre","Faire cuire les steaks hachés dans une poêle avec un peu d'huile, saler et poivrer.
Passer les buns au grille-pain pour les faire dorer.
Enduire les buns de sauce, puis mettre la salade, les tranches de fromage, les rondelles de tomates et de cornichons, le steak haché.
Passer les hamburgers ouverts au micro-onde ou au four pour faire fondre le fromage."
49,Gratin dauphinois,49.jpg,"Pommes de terre
Crème fraîche
Lait
Gruyère râpé
Sel
Poivre","Faire précuire dans de l'eau les pommes de terre préalablement épluchées.
Disposer plusieurs couche de rondelles de pommes de terre dans le plat à gratin.
Saler et poivrer, disposer la crème liquide dans les interstices.
Recouvrir de gruyère râpé.
Faire fondre le fromage au four, puis finir avec le grill."
50,Sardines et pomme de terre,50.jpg,"Sardines fraîches ou en boîte
Pommes de terre ou purée
Huile
Sel
Poivre","Faire dorer les sardines fraîches dans une poêle avec un peu d'huile, saler et poivrer, ou utiliser des sardines en boîte.
Faire cuire les pommes de terre, et préparer éventuellement une purée."
51,Pavé de saumon riz,51.jpg,"Saumon frais
Riz
Beurre
Huile
Sel
Poivre","Faire cuire les pavés de saumon côté peau dans une poêle avec un peu d'huile. Retourner sur toutes les faces mais garder une cuisson légèrement rosée à cœur pour ne pas surcuire.
Faire cuire le riz, saler et poivrer, mettre une noisette de beurre."
52,Filets de rouget purée,52.jpg,"Rougets
Pommes de terre ou flocons de purée
Huile
Sel
Poivre","Faire cuire les rougets dans une poêle avec beaucoup de matière grasse, en faisant attention à les retourner délicatement pour ne pas endommager la peau.
Faire cuire les pommes de terre, et préparer éventuellement une purée. Saler et poivrer.
"
53,Boeuf frites,53.jpg,"Pièce de bœuf à griller (tournedos, steaks, entrecôtes …)
Frites
Huile
Sel
Poivre","Faire saisir le bœuf dans une poêle avec un peu d'huile et de beurre, poivrer et saler à la fin.
Faire cuire les frites au four, saler et poivrer."
54,Noix de saint jacques fondue de poireaux,54.jpg,"Noix de saint jacques fraîches ou surgelées
Poireau
Crème fraîche
Beurre
Huile
Sel
Poivre","Faire fondre le poireau dans une poêle avec beaucoup de beurre, saler et poivrer, puis ajouter la crème fraîche. Réserver.
Faire saisir 1 min sur chaque côté les noix de saint-jacques dans de l'huile et du beurre. Le cœur doit rester nacré. Saler et poivrer.
Servir les noix de saint jacques sur le lit de poireau."
55,Moules au curry,55.jpg,"Moules
Curry
Crème fraîche
Beurre
Oignons
Vin blanc ou bouillon cube
Sel
Poivre","Faire blondir les oignons dans un faitout avec du beurre. Ajouter le vin blanc ou le bouillon, puis la crème. Mélanger ensuite avec le curry.
Ajouter enfin les moules préalablement nettoyées et rincées dans cette sauce au curry.
Fermer le couvercle du faitout et remuer en tout sens quelques minutes, jusqu'à ce que toutes les moules soit ouvertes."
56,Salade landaise,56.jpg,"Salade
Pain de campagne
Foie gras
Tomates ou tomates cerises (optionnel)
Asperges (optionnel)
Tranches de magret fumé (optionnel)
Gésiers de canard (optionnel)
Pignons de pin (optionnel)
Huile
Vinaigre
Sel
Poivre","Faire cuire les gésiers dans une poêle avec de l'huile.
Assaisonner dans un saladier une salade avec de l'huile, du vinaigre, du sel et du poivre.
Disposer dans une assiette un lit de salade, puis ajouter les gésiers, une tranche de pain grillé avec une tranche de foie gras dessus, des demies tomates cerises, des asperges entières, des tranches de magret fumé, des pignons de pin. Ré-assaisonner avec un trait d'huile.
"
57,Moules marinières,57.jpg,"Moules
Oignons
Beurre
Vin blanc ou bouillon cube
Persil","Faire blondir les oignons dans un faitout avec du beurre. Ajouter le vin blanc ou le bouillon, puis les moules préalablement nettoyées et rincées, et le persil.
Fermer le couvercle du faitout et remuer en tout sens quelques minutes, jusqu'à ce que toutes les moules soit ouvertes."
58,Moules au chorizo,58.jpg,"Moules
Chorizo
Huile d'olive","Faire dorer le chorizo dans un faitout avec de l'huile d'olive. 
Ajouter les moules préalablement nettoyées et rincées.
Fermer le couvercle du faitout et remuer en tout sens quelques minutes, jusqu'à ce que toutes les moules soit ouvertes."
59,Paella rapide,59.jpg,"Riz
Cuisses ou filets ou escalopes de poulet
Chorizo
Gambas
Langoustines (optionnel)
Poivrons rouges
Oignons
Huile d'olive
Bouillon cube
Safran
Paprika
Sel
Poivre","Mettre le riz dans un faitout avec de l'huile et remuer jusqu'à ce qu'il soit translucide. Ajouter le safran et le paprika, le sel et le poivron, et ajouter du bouillon petit à petit jusqu'à cuisson complète.
Faire cuire les cuisses de poulet dans une poêle avec de l'huile d'olive, avec des oignons émincés. 
Faire cuire les lanières de poivron dans une poêle avec de l'huile d'olive.
Faire dorer les gambas et éventuellement les langoustines dans de l'huile d'olive.
Mettre le poulet, les oignons, les poivrons, les crevettes, les langoustines dans le faitout, avec du safran, du paprika, du sel et du poivre, puis mouiller à hauteur avec le bouillon. Laisser cuire ensemble quelques minutes.
Ajouter le riz et laisser encore cuire."
60,Pâtes au saumon fumé,60.jpg,"Pâtes
Saumon fumé
Crème fraîche","Faire cuire les pâtes dans de l'eau.
Dans une poêle, ajouter des bandes de saumon fumé et la crème fraîche, et laisser un peu infuser.
Servir les pâtes nappées de sauce au saumon."
61,Ratatouille,61.jpg,"Courgettes
Tomates
Aubergines
Poivrons (optionnel)
Oignons
Ail
Huile d'olive
Sel
Poivre","Faire cuire les oignons et les poivrons dans un faitout avec de l'huile d'olive et réserver.
Faire cuire les aubergines dans de l'huile d'olive, avec de l'ail haché.
Tout remettre dans le faitout et ajouter les tomates et les courgettes. Saler et poivrer et faire cuire 30 min minimum."
62,Petits pois lardons,62.jpg,"Petits pois
Lardons
Sel
Poivre","Faire revenir les lardons puis dégraisser.
Ajouter les petits pois, saler et poivrer."
63,Pan con tomate,63.jpg,"Pain de campagne
Ail
Tomates
Jambon de Bayonne
Huile d'olive
Sel
Poivre","Faire griller une tranche de pain de campagne, puis la frotter avec une demi-tête d'ail.
La frotter ensuite avec une demi tomate, de manière à ce que la chair imbibe le pain.
Saler et poivrer la tranche de pain, puis ajouter un trait d'huile d'olive.
Placer dessus une tranche de jambon de Bayonne."
64,Raclette,64.jpg,"Fromage à raclette
Pommes de terre
Jambon et/ou charcuterie (salami, bacon, jambon de Bayonne etc.)","Cuire les pommes de terre préalablement épluchées à l'eau.
Placer les tranches de fromage à raclette dans les poêlons, et la charcuterie sur les plaquettes.
Napper les pommes de terre et la charcuterie de fromage fondu. "
65,Œufs cocotte champignons et caviar d'aubergine,65.jpg,"Oeufs
Crème fraîche
Champignons
Beurre
Aubergines
Huile d'olive
Ail
Piment d'Espelette
Sel
Poivre","Cuire les aubergines au four sur une plaque avec un trait d’huile d'olive.
Récupérer la chair de l'aubergine grillé et la concasser. Ajouter l'ail haché, du sel, du poivre, de l'huile d'olive et du piment d'Espelette.
Cuire des champignons à la poêle dans du beurre.
Enduire une petite cocotte de beurre, puis placer quelques champignons dedans.
Casser un œuf dans chaque cocotte et recouvrir de crème liquide, saler et poivrer.
Passer au four quelques minutes.
"
66,Œufs mimosa thon et guacamole,66.jpg,"Oeufs
Thon en boîte
Mayonnaise
Avocat
Épices","Faire cuire des œufs dans de l'eau, puis les refroidir.
Émietter le jaune d’œuf, puis le mélanger avec du thon en boîte émietté et de la mayonnaise. Garder les demi-blancs d’œuf durs de cette préparation.
Récupérer la chair des avocats et l'écraser. Ajouter les épices et mélanger."
67,Taboulé,67.jpg,"Semoule
Concombre
Tomates
Menthe fraîche
Citron
Huile d'olive
Poivron (optionnel)
Sel
Poivre","Faire cuire la semoule dans de l'eau puis la refroidir.
Couper le concombre, les tomates et le poivron en dés, puis les ajouter à la semoule.
Arroser la semoule de jus de citron, bien assaisonner avec du poivre et du sel et de l'huile d'olive, ajouter des morceaux de menthe fraîche."
68,Semoule merguez légumes,68.jpg,"Semoule
Merguez
Courgettes
Carottes
Raisins secs
Huile d'olive
Sel
Poivre","Faire cuire la semoule dans de l'eau avec une carotte.
Faire cuire les courgettes en dés dans une poêle avec un peu d'huile, puis les merguez, et les couper en rondelles.
Ajouter la carotte coupée en rondelles dans la poêle pour la faire revenir.
Réhydrater des raisins secs dans un peu d'eau.
Ajouter tous ces ingrédients à la semoule, saler et poivrer."
69,Fricassée de choux de Bruxelles,69.jpg,"Choux de Bruxelles frais ou surgelés
Lardons
Huile
Beurre
Sel
Poivre","Faire cuire des choux de Bruxelles dans de l'eau.
Pendant ce temps, faire cuire les lardons dans une poêle puis dégraisser et réserver.
Faire dorer les choux de Bruxelles coupés en deux dans la poêle avec du beurre, bien saler et poivrer.
Remettre les lardons dans la poêle et laisser cuire encore quelques minutes."
70,Salade grecque,70.jpg,"Tomates
Concombre
Feta
Olives noires
Huile d'olive
Vinaigre
Sel
Poivre","Couper les tomates et concombre en rondelles et la feta en tranches. 
Ajouter des olives noires et assaisonnez à l'huile d'olive, vinaigre, sel et poivre."
71,Cabillaud en papillote courgettes,71.jpg,"Filets de cabillaud
Courgettes
Huile d'olive
Sel
Poivre","Mettre dans du papier sulfurisé un trait d'huile d'olive, puis le pavé de cabillaud, saler et poivrer.
Ajouter des dés de courgettes et remettre un trait d'huile d'olive.
Refermer la papillote et enfourner pour 20 min."
72,Gratin de choux,72.jpg,"Chou fleur
Gruyère râpé
Crème fraîche
Sel
Poivre","Faire précuire le chou fleur dans de l'eau.
Le couper et le placer dans un plat à gratin, saler et poivrer, et ajouter de la crème fraîche, puis du gruyère râpé sur le dessus.
Passer au grill 15 min."
73,Galettes de sarrasin,73.jpg,"Galettes de sarrasin
Jambon et/ou saucisses knackis et/ou œufs
Champignons
Gruyère râpé
Beurre
Sel
Poivre","Faire cuire les champignons dans du beurre et réserver.
Couper les knackis en rondelles, le jambon en morceaux.
Faire fondre du beurre dans une poêle puis placer la galette.
Casser un œuf sur une moitié de la galette, saler et poivrer.
Disposer les knackis, le jambon, le gruyère râpé sur la même moitié de la galette.
Laisser cuire un moment comme ça, puis refermer la galette en deux et laisser cuire encore quelques minutes pour que le fromage fonde."
74,Soupe au lard,74.jpg,"Pommes de terre
Lard fumé
Carottes
Navets (optionnel)
Poireau
Bouillon de cube
Thym
Laurier
Sel
Poivre","Dans un faitout rempli au ¾ d'eau, placer des demi pommes de terre épluchées, des demi navets, des rondelles de carottes, un poireau coupé en tronçons, des tranches de lard fumé, un bouillon cube, du thym, du laurier, du sel et du poivre.
Laisser cuire 1h30 minimum."
75,Pot au feu,75.jpg,"Pommes de terre
Boeuf à pot au feu
Os à moelle (optionnel)
Carottes
Navets (optionnel)
Poireau
Thym
Laurier
Sel
Poivre","Dans un faitout rempli au ¾ d'eau, placer des demi pommes de terre épluchées, des demi navets, des rondelles de carottes, un poireau coupé en tronçons, les cubes de bœuf, l'os à moelle, un bouillon cube, du thym, du laurier, du sel et du poivre.
Laisser cuire 2h minimum."
76,Velouté de courgettes,76.jpg,"Courgettes
Fromage fondu type Vache qui rit
Bouillon cube
Ail
Poivre","Faire bouillir 1 litre et demi d'eau avec un bouillon cube.
Y placer des rondelles de courgettes, 6 portions de vache qui rit, l'ail écrasé, poivrer.
Quand les courgettes sont cuites, au bout de 40 min, mixer le tout."
77,Agneau haricots verts,77.jpg,"Agneau
Haricots verts
Huile
Beurre
Sel
Poivre","Faire cuire les haricots verts dans de l'eau salé, puis les faire dorer dans une poêle avec du beurre.
Cuire l'agneau dans une poêle avec un peu d'huile, saler et poivrer."
78,Aubergines au paprika,78.jpg,"Aubergines
Paprika
Huile d'olive
Ail
Sel
Poivre","Couper les aubergines en dés.
Les faire revenir dans une poêle avec de l'huile d'olive, de l'ail, du poivre et du sel.
Ajouter le paprika à la fin."
79,Gaspacho de tomates,79.jpg,"Tomates
Oignon
Ail
Huile d'olive
Sucre
Sel
Poivre","Couper les tomates, l'oignon, l'ail et passer au mixeur.
Assaisonner avec de l'huile d'olive, du sel, du poivre et un peu de sucre.
Laisser reposer au réfrigérateur au moins deux heures."
80,Asperges et œufs mollets,80.jpg,"Asperges
Oeufs
Sel
Poivre","Éplucher les asperges à l'économe en faisant attention de ne pas casser les têtes.
Les lier en bottes et les faire cuire 10 min dans de l'eau bouillante, puis les égoutter.
Dans une casserole d'eau bouillante, placer délicatement les œufs à l'aide d'une cuillère et les laisser cuire 5 min.
Placer les asperges cuites dans une assiette, et l’œuf mollet dessus."
81,Omelette à la provençale,81.jpg,"Oeufs
Courgettes
Tomates
Poivrons (optionnel)
Aubergine (optionnel)
Huile d'olive
Sel
Poivre","Faire cuire les lanières de poivron dans une poêle avec de l'huile d'olive.
Faire cuire ensuite les dés de courgettes, de tomates et d'aubergine.
Tout remettre dans la poêle et répartir les ingrédients.
Battre les œufs et ajouter le sel et le poivre.
Verser les œufs battus dans la poêle et faire cuire."
82,Cake aux dés de jambon et olives,82.jpg,"Farine
Oeufs
Lait
Dés de jambon ou lardons
Olives vertes
Huile d'olive
Levure
Sel
Poivre","Faire cuire les lardons et les dégraisser.
Dans un saladier, verser 200g de farine, 1 sachet de levure, 3 œufs, le sel et le poivre.
Bien mélanger puis ajouter 10 cl de lait chaud, les olives dénoyautées, les lardons ou les dés de jambon.
Graisser un moule à cake, verser la préparation et mettre au four 45 min à 200°C."
83,Velouté de champignons,83.jpg,"Champignons
Oignons
Beurre
Crème fraîche
Lait
Farine
Bouillon cube
Sel
Poivre","Faire cuire les champignons et les oignons coupés en tout petits morceaux dans du beurre, saler et poivrer.
Ajouter deux cuillères de farine et remuer sans s'arrêter, puis ajouter ¼ l de bouillon et ½ litre de lait et la crème liquide.
Faire cuire à feu doux.
Mixer éventuellement en fonction de la consistance désirée."
84,Velouté de potiron,84.jpg,"Potiron, butternut ou autre courge
Oignon (optionnel)
Huile (optionnel)
Crème fraîche
Muscade
Sel
Poivre","Couper le potiron en gros dés.
Faire revenir l'oignon émincé dans un faitout avec de l'huile, puis ajouter les dés de potiron, et recouvrir d'eau.
Laisser cuire 45 min à 1h.
Ajouter la crème, le sel, le poivre et la muscade.
Mixer."
85,Soupe à l'oignon,85.jpg,"Oignons
Beurre
Farine
Gruyère râpé
Bouillon cube
Sel
Poivre","Émincer les oignons, puis les faire blondir dans une casserole avec du beurre.
Ajouter la farine et remuer sans s'arrêter. 
Ajouter le bouillon, le sel et le poivre, puis laisser cuire.
Servir la soupe à l'oignon brûlante avec des croûtons à l'ail et du gruyère râpé.
"
86,Tourin à l'ail,86.jpg,"Ail
Farine
Oeuf
Gruyère râpé
Huile
Vinaigre
Sel
Poivre","Mettre les gousses d’ail pelées à blondir dans de l'huile.
Ajouter de la farine, mélanger sans s'arrêter et ajouter de l'eau.
Quand l'eau bout, casser l’œuf en séparant le blanc et le jaune. 
Mélanger au jaune quelques gouttes de vinaigre et le mettre dans la casserole pour ne pas que l'oeuf coagule. 
Rajouter le blanc dans la casserole, en tournant toujours. Saler et poivrer."
87,Hachis parmentier,87.jpg,"Pommes de terre ou flocons de purée
Steaks hachés
Tomates
Oignons
Gruyère râpé
Beurre
Crème fraîche
Huile d'olive
Sel
Poivre","Faire cuire les pommes de terre préalablement épluchées à l'eau, puis les réduire en purée avec un presse purée, en ajoutant du beurre et de la crème fraîche. Saler et poivrer.
Faire cuire les tomates coupées en dés et les oignons émincés dans une poêle à l'huile d'olive avec du sel et du poivre.
Faire cuire les steaks hachés dans une poêle avec un peu d'huile, saler et poivrer, puis les passer au mixeur.
Mélanger les légumes et la viande, puis les disposer au fond d'un plat à gratin huilé.
Placer la purée au dessus de la viande, puis recouvrir de gruyère râpé
Passer au grill à 200°C 15 min pour faire fondre et dorer le fromage.

"
88,Côtes de porc à la normande,88.jpg,"Côtes ou échine de porc
Champignons
Crème fraîche
Beurre
Cidre (optionnel)
Sel
Poivre ","Faire cuire les champignons en tranches dans une poêle avec beaucoup de beurre.
Faire cuire les côtes de porc dans une poêle avec un peu d'huile.
Déglacer avec du cidre, puis ajouter de la crème fraîche et remettre les champignons.
Servir les côtes de porc nappées de sauce."
89,Salade césar,89.jpg,"Salade
Croûtons
Lardons
Tomates
Huile
Vinaigre
Sel
Poivre ","Faire cuire les lardons dans une poêle et dégraisser.
Assaisonner dans un saladier une salade avec de l'huile, du vinaigre, du sel et du poivre.
Ajouter les lardons, les croûtons, des demies tomates cerises.
"
90,Boulettes de crevettes,90.jpg,"Crevettes
Oeufs
Chapelure
Farine
Mayonnaise
Ail
Persil
Huile d'olive
Sel
Poivre","Hacher les crevettes finement au couteau.
Préparer un mélange avec les crevettes hachées, un œuf dur haché, 1 œuf battu, du persil haché, l'ail haché, du sel, du poivre.
Rouler ce mélange pour obtenir des boulettes, fariner légèrement.
Rouler les boulettes dans une assiette de chapelure légèrement humectée avec un peu d'eau.
Faire dorer les boulettes à la poêle dans de l'huile d'olive."
91,Nouilles asiatiques aux légumes,91.jpg,"Nouilles asiatiques
Chou chinois
Carottes
Brocoli
Sauce soja
Huile","Couper finement le brocoli, et le chou chinois, tailler les carottes en bâtonnets
Les faire revenir dans de l'huile, ajouter un peu de sauce soja.
Cuire les nouilles asiatiques.
Mettre les nouilles dans la poêle avec les légumes, arroser de sauce soja et laisser réchauffer quelques minutes."
92,Spaghettis à la carbonara,92.jpg,"Pâtes
Lardons
Crème fraîche
Oignons (optionnel)
Champignons (optionnel)
Beurre (optionnel)
Huile
Sel
Poivre (optionnel)","Faire cuire les spaghettis.
Faire revenir les lardons et dégraisser un peu.
Faire revenir éventuellement les oignons dans de l'huile, puis les champignons dans du beurre.
Remettre les lardons, les champignons et les oignons dans la poêle et verser la crème liquide, saler et poivrer.
Servir la sauce carbonara sur les pâtes."
93,Blé au pesto et jambon,93.jpg,"Blé
Pesto en bocal
Jambon blanc ou jambon de Bayonne
Parmesan râpé (optionnel)","Faire cuire le blé dans de l'eau.
Ajouter du pesto en bocal et mélanger. 
Servir avec du jambon blanc ou de Bayonne, et du parmesan râpé"
94,Blé au chorizo,94.jpg,"Blé
Chorizo
Huile","Couper le chorizo en petits dés.
Le faire dorer dans de l'huile.
Cuire le blé à l'eau, puis égoutter et l'ajouter dans la poêle avec le chorizo."
95,Riz aux gambas al ajillo,95.jpg,"Riz
Gambas
Ail
Huile d'olive
Sel
Poivre","Cuire les gambas avec leur carapace dans de l'huile d'olive avec de l'ail haché, saler et poivrer.
Servir avec du riz."
96,Rillettes de sardines,96.jpg,"Sardines fraîches ou en boîte
Crème fraîche
Sel 
Poivre","Faire cuire les sardines ou utiliser des sardines en boîte.
Les mixer avec de la crème fraîche, du sel et du poivre."
97,Semoule aux légumes,97.jpg,"Semoule
Courgettes
Carottes
Tomates
Aubergines (optionnel)
Poivrons (optionnel)
Pois chiches (optionnel)
Huile d'olive","Faire cuire la semoule dans de l'eau.
Faire revenir les carottes, puis les poivrons dans une poêle avec un peu d'huile d'olive. 
Faire revenir les courgettes, les tomates et les aubergines.
Ajouter les légumes à la semoule, avec les pois chiches égouttés.
Saler et poivrer."
98,Risotto aux champignons et au poulet,98.jpg,"Riz rond
Champignons
Escalopes ou filets de poulet ou de dinde
Beurre
Parmesan râpé
Crème fraîche
Oignon (optionnel)
Bouillon cube
Huile
Sel
Poivre","Cuire les escalopes de poulet à la poêle avec un peu d'huile.
Cuire les champignons dans du beurre, puis l'oignon.
Ajouter le riz rond et le laisser devenir translucide.
Ajouter les champignons, la crème liquide et le bouillon, baisser le feu laisser cuire jusqu'à ce que le bouillon soit totalement absorbé (environ 20 min).
Hors du feu, ajouter le parmesan râpé, le sel et le poivre et mélanger."
99,Tarte poireaux chèvre lardons,99.jpg,"Pâte feuilletée
Oeufs
Crème fraîche
Lait (optionnel)
Poireaux
Fromage de chèvre (bûche)
Lardons
Beurre
Sel
Poivre","Placer la pâte feuilletée dans un moule à tarte et piquer avec une fourchette.
Faire précuire la pâte 15 min en la recouvrant de papier sulfurisé et en plaçant du poids dessus pour éviter les bulles.
Faire cuire les poireaux en tronçons dans une poêle avec du beurre, saler et poivrer.
Faire revenir les lardons et dégraisser
Placer les lardons, les poireaux, et des tranches de chèvre sur le fond de tarte précuit.
Battre les œufs et ajouter le sel et le poivre, la crème fraîche et éventuellement un peu de lait pour alléger.
Verser cet appareil dans le fond de tarte et enfourner."
100,"Verrines saumon-avocat, avocat-crevettes, tartare de tomates",100.jpg,"Avocats
Saumon fumé
Crevettes
Tomates
Huile d'olive
Citron
Basilic (optionnel)
Sel
Poivre","Récupérer la chair de l'avocat et la mixer, puis ajouter un peu de citron, de sel, de poivre.
Placer la purée d'avocat dans une verrine, puis mettre des lanières de saumon fumé par dessus.
Placer la purée d'avocat dans une verrine, puis mettre une crevette sur le dessus.
Couper les tomates en fines rondelles, puis assaisonner avec de l'huile d'olive, du basilic, du sel et du poivre."
